,AGE,PTEDUCAT,APOE4,MMSE,imputed_genotype,APOE Genotype,DX_SUB,DX0,DX1,DX2,PTGENDER0,PTGENDER1,PTETHCAT0,PTETHCAT1,PTETHCAT2,PTRACCAT0,PTRACCAT1,PTRACCAT2
0,81.3,18,1,20,1,"3,4",AD,1.0,0.0,0.0,0.0,1.0,0.0,1.0,0.0,0.0,0.0,1.0
1,67.5,10,0,27,0,"3,3",MCI,0.0,0.0,1.0,0.0,1.0,1.0,0.0,0.0,0.0,0.0,1.0
2,73.7,16,0,29,1,"3,3",CN,0.0,1.0,0.0,0.0,1.0,0.0,1.0,0.0,0.0,0.0,1.0
3,80.4,13,0,25,1,"3,3",MCI,0.0,0.0,1.0,1.0,0.0,0.0,1.0,0.0,0.0,0.0,1.0
4,73.9,12,1,24,1,"3,4",AD,1.0,0.0,0.0,1.0,0.0,0.0,1.0,0.0,0.0,0.0,1.0
5,78.5,12,0,29,0,"3,3",CN,0.0,1.0,0.0,1.0,0.0,1.0,0.0,0.0,0.0,0.0,1.0
6,80.8,18,1,29,1,"3,4",CN,0.0,1.0,0.0,0.0,1.0,0.0,1.0,0.0,0.0,0.0,1.0
7,65.4,9,1,28,0,"3,4",CN,0.0,1.0,0.0,0.0,1.0,0.0,1.0,0.0,0.0,1.0,0.0
8,73.1,18,0,29,1,"2,3",CN,0.0,1.0,0.0,1.0,0.0,0.0,1.0,0.0,0.0,0.0,1.0
9,72.6,18,0,30,0,"2,3",CN,0.0,1.0,0.0,1.0,0.0,0.0,1.0,0.0,0.0,1.0,0.0
10,63.2,17,1,29,0,"3,4",CN,0.0,1.0,0.0,0.0,1.0,0.0,1.0,0.0,0.0,1.0,0.0
11,71.7,14,0,26,0,"3,3",CN,0.0,1.0,0.0,0.0,1.0,0.0,1.0,0.0,0.0,1.0,0.0
12,64.1,18,1,21,1,"3,4",AD,1.0,0.0,0.0,0.0,1.0,0.0,1.0,0.0,0.0,0.0,1.0
13,80.0,19,0,29,1,"3,3",MCI,0.0,0.0,1.0,1.0,0.0,0.0,1.0,0.0,0.0,0.0,1.0
14,77.7,18,0,30,1,"3,3",CN,0.0,1.0,0.0,1.0,0.0,0.0,1.0,0.0,0.0,0.0,1.0
15,83.3,20,0,29,1,"2,3",MCI,0.0,0.0,1.0,0.0,1.0,0.0,1.0,0.0,0.0,0.0,1.0
16,76.9,18,0,30,1,"3,3",CN,0.0,1.0,0.0,0.0,1.0,0.0,1.0,0.0,0.0,0.0,1.0
17,76.8,12,0,25,0,"3,3",MCI,0.0,0.0,1.0,0.0,1.0,0.0,1.0,0.0,0.0,0.0,1.0
18,73.2,18,0,29,0,"3,3",CN,0.0,1.0,0.0,0.0,1.0,0.0,1.0,0.0,0.0,0.0,1.0
19,70.9,14,2,25,1,"4,4",MCI,0.0,0.0,1.0,1.0,0.0,0.0,1.0,0.0,0.0,0.0,1.0
20,72.8,18,0,30,1,"3,3",MCI,0.0,0.0,1.0,0.0,1.0,0.0,1.0,0.0,0.0,0.0,1.0
21,76.2,16,0,29,1,"2,3",CN,0.0,1.0,0.0,0.0,1.0,0.0,1.0,0.0,0.0,0.0,1.0
22,84.7,20,0,30,1,"2,3",CN,0.0,1.0,0.0,0.0,1.0,0.0,1.0,0.0,0.0,0.0,1.0
23,78.3,14,2,29,0,"4,4",CN,0.0,1.0,0.0,0.0,1.0,0.0,1.0,0.0,1.0,0.0,0.0
24,77.6,16,0,26,1,"3,3",MCI,0.0,0.0,1.0,0.0,1.0,0.0,1.0,0.0,0.0,0.0,1.0
25,66.5,18,2,27,0,"4,4",MCI,0.0,0.0,1.0,0.0,1.0,0.0,1.0,0.0,0.0,0.0,1.0
26,80.1,12,0,23,1,"3,3",AD,1.0,0.0,0.0,0.0,1.0,0.0,1.0,0.0,0.0,0.0,1.0
27,81.0,20,0,27,0,"3,3",MCI,0.0,0.0,1.0,1.0,0.0,0.0,1.0,0.0,0.0,0.0,1.0
28,69.6,13,0,28,0,"2,3",CN,0.0,1.0,0.0,1.0,0.0,0.0,1.0,0.0,0.0,1.0,0.0
29,77.3,20,1,27,1,"3,4",MCI,0.0,0.0,1.0,0.0,1.0,0.0,1.0,0.0,0.0,0.0,1.0
30,70.1,16,1,30,1,"3,4",CN,0.0,1.0,0.0,0.0,1.0,0.0,1.0,0.0,0.0,0.0,1.0
31,70.9,13,0,29,0,"3,3",CN,0.0,1.0,0.0,1.0,0.0,0.0,1.0,0.0,0.0,1.0,0.0
32,70.0,20,1,27,1,"3,4",MCI,0.0,0.0,1.0,0.0,1.0,0.0,1.0,0.0,0.0,0.0,1.0
33,77.0,15,0,29,0,"3,3",CN,0.0,1.0,0.0,1.0,0.0,0.0,1.0,0.0,0.0,1.0,0.0
34,74.5,18,0,30,1,"2,3",CN,0.0,1.0,0.0,0.0,1.0,0.0,1.0,0.0,0.0,0.0,1.0
35,74.5,17,0,27,1,"2,3",CN,0.0,1.0,0.0,0.0,1.0,0.0,1.0,0.0,0.0,0.0,1.0
36,74.4,12,0,30,1,"3,3",CN,0.0,1.0,0.0,1.0,0.0,0.0,1.0,0.0,0.0,0.0,1.0
37,72.9,16,0,28,1,"3,3",CN,0.0,1.0,0.0,0.0,1.0,0.0,1.0,0.0,0.0,0.0,1.0
38,74.0,14,0,27,1,"3,3",CN,0.0,1.0,0.0,0.0,1.0,0.0,1.0,0.0,0.0,0.0,1.0
39,70.6,16,0,28,1,"3,3",CN,0.0,1.0,0.0,0.0,1.0,0.0,1.0,0.0,0.0,0.0,1.0
40,78.2,20,0,30,1,"3,3",CN,0.0,1.0,0.0,0.0,1.0,0.0,1.0,0.0,0.0,0.0,1.0
41,78.3,12,1,25,1,"3,4",AD,1.0,0.0,0.0,0.0,1.0,0.0,1.0,0.0,0.0,0.0,1.0
42,79.7,18,0,28,0,"2,3",MCI,0.0,0.0,1.0,0.0,1.0,0.0,1.0,0.0,1.0,0.0,0.0
43,76.0,18,1,24,1,"3,4",AD,1.0,0.0,0.0,1.0,0.0,0.0,1.0,0.0,0.0,0.0,1.0
44,85.0,18,1,27,1,"3,4",MCI,0.0,0.0,1.0,0.0,1.0,0.0,1.0,0.0,0.0,0.0,1.0
45,70.6,18,1,30,1,"3,4",CN,0.0,1.0,0.0,0.0,1.0,0.0,1.0,0.0,0.0,0.0,1.0
46,73.2,17,2,22,1,"4,4",AD,1.0,0.0,0.0,0.0,1.0,0.0,1.0,0.0,0.0,0.0,1.0
47,75.3,14,1,24,1,"3,4",AD,1.0,0.0,0.0,1.0,0.0,0.0,1.0,0.0,0.0,0.0,1.0
48,80.3,18,0,30,1,"3,3",CN,0.0,1.0,0.0,1.0,0.0,0.0,1.0,0.0,0.0,0.0,1.0
49,75.1,14,0,29,1,"3,3",MCI,0.0,0.0,1.0,0.0,1.0,0.0,1.0,0.0,0.0,0.0,1.0
50,65.6,8,2,21,1,"4,4",AD,1.0,0.0,0.0,0.0,1.0,0.0,1.0,0.0,0.0,0.0,1.0
51,65.1,20,0,30,0,"3,3",CN,0.0,1.0,0.0,0.0,1.0,0.0,1.0,0.0,0.0,0.0,1.0
52,69.8,20,2,29,0,"4,4",CN,0.0,1.0,0.0,0.0,1.0,0.0,1.0,0.0,0.0,0.0,1.0
53,62.4,20,0,25,1,"3,3",AD,1.0,0.0,0.0,0.0,1.0,0.0,1.0,0.0,0.0,0.0,1.0
54,70.7,14,1,21,1,"3,4",AD,1.0,0.0,0.0,1.0,0.0,0.0,1.0,0.0,0.0,0.0,1.0
55,71.1,12,0,26,1,"2,3",CN,0.0,1.0,0.0,0.0,1.0,0.0,1.0,0.0,0.0,0.0,1.0
56,79.6,20,0,30,1,"3,3",CN,0.0,1.0,0.0,0.0,1.0,0.0,1.0,0.0,0.0,0.0,1.0
57,72.8,14,0,30,0,"2,3",CN,0.0,1.0,0.0,1.0,0.0,0.0,1.0,0.0,0.0,0.0,1.0
58,84.4,16,1,26,0,"3,4",MCI,0.0,0.0,1.0,1.0,0.0,0.0,1.0,0.0,0.0,0.0,1.0
59,73.6,18,2,27,1,"4,4",MCI,0.0,0.0,1.0,0.0,1.0,0.0,1.0,0.0,0.0,0.0,1.0
60,73.2,15,0,30,1,"3,3",CN,0.0,1.0,0.0,1.0,0.0,0.0,1.0,0.0,0.0,0.0,1.0
61,60.7,19,0,28,0,"3,3",MCI,0.0,0.0,1.0,1.0,0.0,0.0,1.0,0.0,0.0,0.0,1.0
62,78.2,18,1,27,1,"3,4",MCI,0.0,0.0,1.0,0.0,1.0,0.0,1.0,0.0,0.0,0.0,1.0
63,70.1,16,1,25,1,"3,4",AD,1.0,0.0,0.0,1.0,0.0,0.0,1.0,0.0,0.0,0.0,1.0
64,75.8,16,1,24,0,"3,4",MCI,0.0,0.0,1.0,1.0,0.0,0.0,1.0,0.0,0.0,0.0,1.0
65,70.6,18,1,30,0,"2,4",MCI,0.0,0.0,1.0,0.0,1.0,0.0,1.0,0.0,0.0,0.0,1.0
66,75.2,20,0,28,1,"2,3",CN,0.0,1.0,0.0,0.0,1.0,0.0,1.0,0.0,0.0,0.0,1.0
67,78.4,18,0,30,1,"3,3",MCI,0.0,0.0,1.0,0.0,1.0,0.0,1.0,0.0,0.0,0.0,1.0
68,80.4,20,0,29,1,"3,3",CN,0.0,1.0,0.0,0.0,1.0,0.0,1.0,0.0,0.0,0.0,1.0
69,72.0,20,1,30,1,"3,4",CN,0.0,1.0,0.0,0.0,1.0,0.0,1.0,0.0,0.0,0.0,1.0
70,73.3,20,0,30,1,"3,3",CN,0.0,1.0,0.0,0.0,1.0,0.0,1.0,0.0,0.0,0.0,1.0
71,73.7,18,0,29,1,"3,3",CN,0.0,1.0,0.0,0.0,1.0,0.0,1.0,0.0,0.0,0.0,1.0
72,77.5,14,1,25,1,"3,4",MCI,0.0,0.0,1.0,1.0,0.0,0.0,1.0,0.0,0.0,0.0,1.0
73,70.6,17,0,29,0,"3,3",CN,0.0,1.0,0.0,0.0,1.0,0.0,1.0,0.0,0.0,0.0,1.0
74,64.1,20,2,29,1,"4,4",MCI,0.0,0.0,1.0,1.0,0.0,0.0,1.0,0.0,0.0,0.0,1.0
75,80.2,16,0,22,1,"3,3",AD,1.0,0.0,0.0,1.0,0.0,0.0,1.0,0.0,0.0,0.0,1.0
76,73.1,16,0,30,1,"3,3",CN,0.0,1.0,0.0,0.0,1.0,0.0,1.0,0.0,0.0,0.0,1.0
77,65.9,13,2,25,1,"4,4",AD,1.0,0.0,0.0,1.0,0.0,0.0,1.0,0.0,0.0,0.0,1.0
78,81.1,12,1,27,1,"3,4",MCI,0.0,0.0,1.0,0.0,1.0,0.0,1.0,0.0,0.0,0.0,1.0
79,79.2,14,1,29,1,"3,4",MCI,0.0,0.0,1.0,0.0,1.0,0.0,1.0,0.0,0.0,0.0,1.0
80,59.7,18,0,25,1,"3,3",AD,1.0,0.0,0.0,1.0,0.0,0.0,1.0,0.0,0.0,0.0,1.0
81,87.7,16,0,20,1,"3,3",AD,1.0,0.0,0.0,0.0,1.0,0.0,1.0,0.0,0.0,0.0,1.0
82,73.9,12,0,27,1,"3,3",MCI,0.0,0.0,1.0,0.0,1.0,0.0,1.0,0.0,0.0,0.0,1.0
83,81.1,16,1,28,1,"2,4",MCI,0.0,0.0,1.0,0.0,1.0,0.0,1.0,0.0,0.0,0.0,1.0
84,74.1,17,0,30,1,"3,3",CN,0.0,1.0,0.0,0.0,1.0,0.0,1.0,0.0,0.0,0.0,1.0
85,80.4,13,0,29,1,"2,3",MCI,0.0,0.0,1.0,1.0,0.0,0.0,1.0,0.0,0.0,0.0,1.0
86,77.9,17,0,30,1,"3,3",CN,0.0,1.0,0.0,1.0,0.0,0.0,1.0,0.0,0.0,0.0,1.0
87,75.2,16,1,27,0,"3,4",MCI,0.0,0.0,1.0,0.0,1.0,0.0,1.0,0.0,0.0,0.0,1.0
88,71.8,18,1,24,1,"3,4",AD,1.0,0.0,0.0,0.0,1.0,0.0,1.0,0.0,0.0,0.0,1.0
89,72.5,18,1,30,1,"3,4",CN,0.0,1.0,0.0,1.0,0.0,0.0,1.0,0.0,0.0,0.0,1.0
90,89.3,13,0,26,1,"3,3",MCI,0.0,0.0,1.0,0.0,1.0,0.0,1.0,0.0,0.0,0.0,1.0
91,71.9,16,1,29,1,"3,4",MCI,0.0,0.0,1.0,1.0,0.0,0.0,1.0,0.0,0.0,0.0,1.0
92,78.3,17,0,30,0,"3,3",CN,0.0,1.0,0.0,1.0,0.0,0.0,1.0,0.0,0.0,0.0,1.0
93,70.6,18,0,29,1,"3,3",CN,0.0,1.0,0.0,1.0,0.0,0.0,1.0,0.0,0.0,0.0,1.0
94,73.2,18,0,30,1,"3,3",CN,0.0,1.0,0.0,0.0,1.0,0.0,1.0,0.0,0.0,0.0,1.0
95,74.7,19,1,28,1,"3,4",MCI,0.0,0.0,1.0,0.0,1.0,0.0,1.0,0.0,0.0,0.0,1.0
96,74.8,14,0,29,0,"3,3",CN,0.0,1.0,0.0,1.0,0.0,0.0,1.0,0.0,0.0,0.0,1.0
97,80.9,16,1,24,1,"3,4",MCI,0.0,0.0,1.0,0.0,1.0,0.0,1.0,0.0,0.0,0.0,1.0
98,72.4,14,1,21,1,"3,4",AD,1.0,0.0,0.0,1.0,0.0,0.0,1.0,0.0,0.0,0.0,1.0
99,78.3,14,1,29,1,"3,4",CN,0.0,1.0,0.0,1.0,0.0,0.0,1.0,0.0,0.0,0.0,1.0
100,80.4,16,0,27,1,"3,3",CN,0.0,1.0,0.0,1.0,0.0,0.0,1.0,0.0,0.0,0.0,1.0
101,77.1,16,2,28,1,"4,4",MCI,0.0,0.0,1.0,0.0,1.0,0.0,1.0,0.0,0.0,0.0,1.0
102,78.8,18,1,27,1,"3,4",AD,1.0,0.0,0.0,0.0,1.0,0.0,1.0,0.0,0.0,0.0,1.0
103,80.5,12,0,24,1,"3,3",AD,1.0,0.0,0.0,1.0,0.0,0.0,1.0,0.0,0.0,0.0,1.0
104,79.6,18,1,25,0,"3,4",MCI,0.0,0.0,1.0,0.0,1.0,0.0,1.0,0.0,0.0,0.0,1.0
105,78.0,18,0,29,1,"3,3",CN,0.0,1.0,0.0,1.0,0.0,0.0,1.0,0.0,0.0,0.0,1.0
106,71.1,16,0,25,1,"3,3",MCI,0.0,0.0,1.0,1.0,0.0,0.0,1.0,0.0,0.0,0.0,1.0
107,72.4,13,0,29,1,"2,3",CN,0.0,1.0,0.0,1.0,0.0,0.0,1.0,0.0,0.0,0.0,1.0
108,62.9,18,0,24,1,"2,3",AD,1.0,0.0,0.0,0.0,1.0,0.0,1.0,0.0,0.0,0.0,1.0
109,65.1,18,2,27,1,"4,4",MCI,0.0,0.0,1.0,0.0,1.0,0.0,1.0,0.0,0.0,0.0,1.0
110,83.6,18,0,27,1,"3,3",MCI,0.0,0.0,1.0,1.0,0.0,0.0,1.0,0.0,0.0,0.0,1.0
111,67.4,18,2,20,1,"4,4",AD,1.0,0.0,0.0,0.0,1.0,0.0,1.0,0.0,0.0,0.0,1.0
112,85.9,18,0,25,1,"3,3",MCI,0.0,0.0,1.0,0.0,1.0,0.0,1.0,0.0,0.0,0.0,1.0
113,78.0,18,1,30,1,"3,4",CN,0.0,1.0,0.0,1.0,0.0,0.0,1.0,0.0,0.0,0.0,1.0
114,60.3,18,0,29,1,"3,3",MCI,0.0,0.0,1.0,0.0,1.0,0.0,1.0,0.0,0.0,0.0,1.0
115,78.0,20,0,29,1,"3,3",CN,0.0,1.0,0.0,0.0,1.0,0.0,1.0,0.0,0.0,0.0,1.0
116,88.3,16,0,28,1,"3,3",MCI,0.0,0.0,1.0,0.0,1.0,0.0,1.0,0.0,0.0,0.0,1.0
117,81.8,16,0,27,0,"3,3",MCI,0.0,0.0,1.0,0.0,1.0,0.0,1.0,0.0,0.0,1.0,0.0
118,72.0,16,1,29,1,"3,4",MCI,0.0,0.0,1.0,1.0,0.0,0.0,1.0,0.0,0.0,0.0,1.0
119,70.1,20,2,27,1,"4,4",MCI,0.0,0.0,1.0,0.0,1.0,0.0,1.0,0.0,0.0,0.0,1.0
120,70.6,20,0,30,0,"3,3",CN,0.0,1.0,0.0,0.0,1.0,0.0,1.0,0.0,0.0,0.0,1.0
121,78.6,13,0,30,0,"2,3",CN,0.0,1.0,0.0,1.0,0.0,0.0,1.0,0.0,0.0,0.0,1.0
122,85.8,14,0,29,1,"3,3",CN,0.0,1.0,0.0,0.0,1.0,0.0,1.0,0.0,0.0,0.0,1.0
123,67.1,16,1,28,1,"3,4",MCI,0.0,0.0,1.0,0.0,1.0,0.0,1.0,0.0,0.0,0.0,1.0
124,62.8,12,0,30,1,"2,3",MCI,0.0,0.0,1.0,0.0,1.0,0.0,1.0,0.0,0.0,0.0,1.0
125,70.9,18,0,30,1,"2,3",MCI,0.0,0.0,1.0,0.0,1.0,0.0,1.0,0.0,0.0,0.0,1.0
126,72.1,20,0,28,0,"3,3",MCI,0.0,0.0,1.0,0.0,1.0,0.0,1.0,0.0,1.0,0.0,0.0
127,78.4,12,0,28,1,"3,3",CN,0.0,1.0,0.0,0.0,1.0,0.0,1.0,0.0,0.0,0.0,1.0
128,76.8,10,1,27,0,"3,4",MCI,0.0,0.0,1.0,1.0,0.0,0.0,1.0,0.0,0.0,0.0,1.0
129,65.9,16,0,26,0,"3,3",AD,1.0,0.0,0.0,0.0,1.0,0.0,1.0,0.0,0.0,0.0,1.0
130,75.2,16,1,28,0,"3,4",MCI,0.0,0.0,1.0,0.0,1.0,0.0,1.0,0.0,0.0,0.0,1.0
131,79.4,16,1,30,1,"3,4",MCI,0.0,0.0,1.0,0.0,1.0,0.0,1.0,0.0,0.0,0.0,1.0
132,76.4,16,0,24,0,"3,3",MCI,0.0,0.0,1.0,0.0,1.0,0.0,1.0,0.0,1.0,0.0,0.0
133,87.7,12,1,25,1,"3,4",MCI,0.0,0.0,1.0,0.0,1.0,0.0,1.0,0.0,0.0,0.0,1.0
134,79.2,16,0,26,1,"3,3",MCI,0.0,0.0,1.0,0.0,1.0,0.0,1.0,0.0,0.0,0.0,1.0
135,84.8,18,1,28,1,"3,4",CN,0.0,1.0,0.0,0.0,1.0,0.0,1.0,0.0,0.0,0.0,1.0
136,79.1,10,0,26,1,"3,3",MCI,0.0,0.0,1.0,0.0,1.0,0.0,1.0,0.0,0.0,0.0,1.0
137,76.4,14,0,30,1,"3,3",CN,0.0,1.0,0.0,0.0,1.0,0.0,1.0,0.0,0.0,0.0,1.0
138,89.1,20,0,26,1,"3,3",AD,1.0,0.0,0.0,1.0,0.0,0.0,1.0,0.0,0.0,0.0,1.0
139,56.4,16,2,23,1,"4,4",AD,1.0,0.0,0.0,0.0,1.0,0.0,1.0,0.0,0.0,0.0,1.0
140,73.4,13,0,28,1,"3,3",CN,0.0,1.0,0.0,1.0,0.0,0.0,1.0,0.0,0.0,0.0,1.0
141,84.2,16,1,29,1,"3,4",CN,0.0,1.0,0.0,0.0,1.0,0.0,1.0,0.0,0.0,0.0,1.0
142,78.5,19,0,28,1,"3,3",MCI,0.0,0.0,1.0,0.0,1.0,0.0,1.0,0.0,0.0,0.0,1.0
143,78.1,16,1,30,0,"3,4",CN,0.0,1.0,0.0,1.0,0.0,0.0,1.0,0.0,0.0,0.0,1.0
144,82.8,20,1,30,0,"3,4",CN,0.0,1.0,0.0,0.0,1.0,0.0,1.0,0.0,0.0,0.0,1.0
145,72.1,19,1,28,1,"3,4",MCI,0.0,0.0,1.0,0.0,1.0,0.0,1.0,0.0,0.0,0.0,1.0
146,71.5,16,0,28,1,"3,3",CN,0.0,1.0,0.0,0.0,1.0,0.0,1.0,0.0,0.0,0.0,1.0
147,80.9,16,2,26,1,"4,4",AD,1.0,0.0,0.0,0.0,1.0,0.0,1.0,0.0,0.0,0.0,1.0
148,68.3,18,2,26,0,"4,4",AD,1.0,0.0,0.0,0.0,1.0,0.0,1.0,0.0,0.0,0.0,1.0
149,75.3,14,0,24,1,"3,3",MCI,0.0,0.0,1.0,1.0,0.0,0.0,1.0,0.0,0.0,0.0,1.0
150,70.6,18,1,28,1,"3,4",MCI,0.0,0.0,1.0,1.0,0.0,0.0,1.0,0.0,0.0,0.0,1.0
151,76.9,16,0,27,1,"3,3",MCI,0.0,0.0,1.0,0.0,1.0,0.0,1.0,0.0,0.0,0.0,1.0
152,70.0,16,0,29,1,"3,3",CN,0.0,1.0,0.0,0.0,1.0,0.0,1.0,0.0,0.0,0.0,1.0
153,76.6,17,1,24,1,"3,4",AD,1.0,0.0,0.0,0.0,1.0,0.0,1.0,0.0,0.0,0.0,1.0
154,64.6,14,2,27,1,"4,4",MCI,0.0,0.0,1.0,1.0,0.0,0.0,1.0,0.0,0.0,0.0,1.0
155,69.9,16,0,25,1,"3,3",MCI,0.0,0.0,1.0,0.0,1.0,0.0,1.0,0.0,0.0,0.0,1.0
156,83.4,14,0,20,1,"2,3",AD,1.0,0.0,0.0,1.0,0.0,0.0,1.0,0.0,0.0,0.0,1.0
157,76.1,17,1,24,1,"3,4",MCI,0.0,0.0,1.0,0.0,1.0,0.0,1.0,0.0,0.0,0.0,1.0
158,75.8,20,1,30,1,"3,4",CN,0.0,1.0,0.0,0.0,1.0,0.0,1.0,0.0,0.0,0.0,1.0
159,74.0,16,2,25,1,"4,4",AD,1.0,0.0,0.0,0.0,1.0,0.0,1.0,0.0,0.0,0.0,1.0
160,71.8,12,1,22,1,"3,4",AD,1.0,0.0,0.0,0.0,1.0,0.0,1.0,0.0,0.0,0.0,1.0
161,68.4,18,0,29,0,"3,3",MCI,0.0,0.0,1.0,0.0,1.0,0.0,1.0,0.0,0.0,0.0,1.0
162,77.0,14,0,29,0,"3,3",CN,0.0,1.0,0.0,1.0,0.0,0.0,1.0,0.0,0.0,0.0,1.0
163,75.8,16,0,27,1,"2,3",MCI,0.0,0.0,1.0,0.0,1.0,0.0,1.0,0.0,0.0,0.0,1.0
164,81.3,14,0,30,1,"3,3",CN,0.0,1.0,0.0,1.0,0.0,0.0,1.0,0.0,0.0,0.0,1.0
165,74.5,17,1,29,1,"3,4",MCI,0.0,0.0,1.0,0.0,1.0,0.0,1.0,0.0,0.0,0.0,1.0
166,70.5,16,1,24,0,"3,4",MCI,0.0,0.0,1.0,1.0,0.0,0.0,1.0,0.0,0.0,1.0,0.0
167,56.5,20,0,23,1,"3,3",AD,1.0,0.0,0.0,1.0,0.0,0.0,1.0,0.0,0.0,0.0,1.0
168,76.0,18,0,30,1,"3,3",CN,0.0,1.0,0.0,0.0,1.0,0.0,1.0,0.0,0.0,0.0,1.0
169,74.5,16,0,25,0,"3,3",AD,1.0,0.0,0.0,1.0,0.0,0.0,1.0,0.0,1.0,0.0,0.0
170,79.0,20,0,23,0,"3,3",AD,1.0,0.0,0.0,0.0,1.0,0.0,1.0,0.0,0.0,0.0,1.0
171,75.9,15,1,26,1,"3,4",AD,1.0,0.0,0.0,1.0,0.0,0.0,0.0,1.0,0.0,0.0,1.0
172,70.5,15,0,28,1,"3,3",MCI,0.0,0.0,1.0,0.0,1.0,0.0,1.0,0.0,0.0,0.0,1.0
173,69.0,16,1,28,1,"3,4",MCI,0.0,0.0,1.0,1.0,0.0,0.0,1.0,0.0,0.0,0.0,1.0
174,75.5,20,0,29,1,"3,3",CN,0.0,1.0,0.0,1.0,0.0,0.0,1.0,0.0,0.0,0.0,1.0
175,79.8,14,0,29,1,"3,3",MCI,0.0,0.0,1.0,0.0,1.0,0.0,1.0,0.0,0.0,0.0,1.0
176,72.3,13,1,29,0,"3,4",CN,0.0,1.0,0.0,1.0,0.0,0.0,1.0,0.0,0.0,0.0,1.0
177,71.2,15,2,25,1,"4,4",MCI,0.0,0.0,1.0,0.0,1.0,0.0,1.0,0.0,0.0,0.0,1.0
178,71.5,16,1,26,1,"3,4",MCI,0.0,0.0,1.0,1.0,0.0,0.0,1.0,0.0,0.0,0.0,1.0
179,80.4,16,1,30,1,"3,4",MCI,0.0,0.0,1.0,0.0,1.0,0.0,1.0,0.0,0.0,0.0,1.0
180,84.6,17,2,20,1,"4,4",AD,1.0,0.0,0.0,1.0,0.0,0.0,1.0,0.0,0.0,0.0,1.0
181,86.2,16,0,28,0,"2,3",MCI,0.0,0.0,1.0,1.0,0.0,0.0,1.0,0.0,0.0,0.0,1.0
182,84.0,12,0,27,0,"3,3",MCI,0.0,0.0,1.0,1.0,0.0,0.0,1.0,0.0,0.0,0.0,1.0
183,69.2,18,0,26,1,"3,3",AD,1.0,0.0,0.0,0.0,1.0,0.0,1.0,0.0,0.0,0.0,1.0
184,76.3,16,0,30,1,"3,3",CN,0.0,1.0,0.0,0.0,1.0,0.0,1.0,0.0,0.0,0.0,1.0
185,87.8,14,0,20,1,"3,3",AD,1.0,0.0,0.0,1.0,0.0,0.0,1.0,0.0,0.0,0.0,1.0
186,77.8,11,1,29,0,"3,4",MCI,0.0,0.0,1.0,0.0,1.0,0.0,1.0,0.0,0.0,1.0,0.0
187,82.2,20,0,24,1,"3,3",MCI,0.0,0.0,1.0,0.0,1.0,0.0,1.0,0.0,0.0,0.0,1.0
188,61.3,16,1,29,1,"3,4",MCI,0.0,0.0,1.0,1.0,0.0,0.0,1.0,0.0,0.0,0.0,1.0
189,76.3,16,0,29,1,"3,3",CN,0.0,1.0,0.0,1.0,0.0,0.0,1.0,0.0,0.0,0.0,1.0
190,79.6,18,1,25,1,"3,4",MCI,0.0,0.0,1.0,1.0,0.0,0.0,1.0,0.0,0.0,0.0,1.0
191,75.6,14,0,29,1,"3,3",CN,0.0,1.0,0.0,1.0,0.0,0.0,1.0,0.0,0.0,0.0,1.0
192,70.2,18,0,30,1,"2,2",CN,0.0,1.0,0.0,0.0,1.0,0.0,1.0,0.0,0.0,0.0,1.0
193,61.6,20,0,29,1,"3,3",MCI,0.0,0.0,1.0,0.0,1.0,0.0,1.0,0.0,0.0,0.0,1.0
194,79.3,20,1,29,1,"3,4",MCI,0.0,0.0,1.0,0.0,1.0,0.0,1.0,0.0,0.0,0.0,1.0
195,80.6,16,1,27,1,"3,4",MCI,0.0,0.0,1.0,0.0,1.0,0.0,1.0,0.0,0.0,0.0,1.0
196,85.8,20,0,29,1,"3,3",CN,0.0,1.0,0.0,0.0,1.0,0.0,1.0,0.0,0.0,0.0,1.0
197,79.6,16,1,24,1,"3,4",AD,1.0,0.0,0.0,0.0,1.0,0.0,1.0,0.0,0.0,0.0,1.0
198,62.7,12,0,25,0,"3,3",MCI,0.0,0.0,1.0,0.0,1.0,0.0,1.0,0.0,0.0,0.0,1.0
199,84.0,12,1,24,0,"3,4",AD,1.0,0.0,0.0,0.0,1.0,0.0,1.0,0.0,0.0,0.0,1.0
200,85.5,14,0,27,0,"3,3",CN,0.0,1.0,0.0,1.0,0.0,0.0,1.0,0.0,0.0,0.0,1.0
201,71.7,20,1,26,0,"3,4",MCI,0.0,0.0,1.0,0.0,1.0,0.0,1.0,0.0,0.0,0.0,1.0
202,72.7,16,0,29,1,"3,3",CN,0.0,1.0,0.0,1.0,0.0,0.0,1.0,0.0,0.0,0.0,1.0
203,74.7,16,1,29,1,"3,4",MCI,0.0,0.0,1.0,0.0,1.0,0.0,1.0,0.0,0.0,0.0,1.0
204,63.0,18,0,28,0,"3,3",MCI,0.0,0.0,1.0,0.0,1.0,0.0,1.0,0.0,0.0,0.0,1.0
205,88.8,11,0,26,1,"3,3",MCI,0.0,0.0,1.0,0.0,1.0,0.0,1.0,0.0,0.0,0.0,1.0
206,85.5,17,0,26,1,"3,3",MCI,0.0,0.0,1.0,0.0,1.0,0.0,1.0,0.0,0.0,0.0,1.0
207,68.4,20,1,30,1,"3,4",MCI,0.0,0.0,1.0,0.0,1.0,0.0,1.0,0.0,0.0,0.0,1.0
208,81.8,13,0,29,1,"3,3",CN,0.0,1.0,0.0,1.0,0.0,0.0,1.0,0.0,0.0,0.0,1.0
209,82.7,12,1,25,1,"3,4",AD,1.0,0.0,0.0,1.0,0.0,0.0,1.0,0.0,0.0,0.0,1.0
210,82.9,11,1,24,0,"3,4",MCI,0.0,0.0,1.0,1.0,0.0,0.0,1.0,0.0,0.0,1.0,0.0
211,72.9,16,0,30,1,"3,3",CN,0.0,1.0,0.0,0.0,1.0,0.0,1.0,0.0,0.0,0.0,1.0
212,80.3,19,1,27,1,"3,4",MCI,0.0,0.0,1.0,0.0,1.0,0.0,1.0,0.0,0.0,0.0,1.0
213,83.1,16,0,29,1,"3,3",MCI,0.0,0.0,1.0,0.0,1.0,0.0,1.0,0.0,0.0,0.0,1.0
214,81.1,12,0,30,1,"3,3",CN,0.0,1.0,0.0,1.0,0.0,0.0,1.0,0.0,0.0,0.0,1.0
215,86.6,13,1,21,0,"2,4",AD,1.0,0.0,0.0,1.0,0.0,0.0,1.0,0.0,0.0,0.0,1.0
216,72.0,20,0,30,1,"2,3",CN,0.0,1.0,0.0,0.0,1.0,0.0,1.0,0.0,0.0,0.0,1.0
217,72.6,18,1,29,1,"3,4",CN,0.0,1.0,0.0,0.0,1.0,0.0,1.0,0.0,0.0,0.0,1.0
218,77.3,16,2,26,1,"4,4",AD,1.0,0.0,0.0,1.0,0.0,0.0,1.0,0.0,0.0,0.0,1.0
219,73.5,20,0,30,1,"3,3",CN,0.0,1.0,0.0,1.0,0.0,0.0,1.0,0.0,0.0,0.0,1.0
220,84.8,18,1,24,1,"3,4",MCI,0.0,0.0,1.0,0.0,1.0,0.0,1.0,0.0,0.0,0.0,1.0
221,64.4,16,2,24,1,"4,4",MCI,0.0,0.0,1.0,0.0,1.0,0.0,1.0,0.0,0.0,0.0,1.0
222,76.4,20,1,22,1,"3,4",AD,1.0,0.0,0.0,0.0,1.0,0.0,1.0,0.0,0.0,0.0,1.0
223,70.9,16,0,30,1,"3,3",CN,0.0,1.0,0.0,1.0,0.0,0.0,1.0,0.0,0.0,0.0,1.0
224,75.7,12,2,23,1,"4,4",AD,1.0,0.0,0.0,0.0,1.0,0.0,1.0,0.0,0.0,0.0,1.0
225,70.3,12,1,25,1,"2,4",CN,0.0,1.0,0.0,0.0,1.0,0.0,1.0,0.0,0.0,0.0,1.0
226,77.9,13,0,30,1,"3,3",MCI,0.0,0.0,1.0,0.0,1.0,0.0,1.0,0.0,0.0,0.0,1.0
227,74.9,18,0,29,1,"3,3",CN,0.0,1.0,0.0,0.0,1.0,0.0,1.0,0.0,0.0,0.0,1.0
228,79.7,16,0,28,1,"3,3",MCI,0.0,0.0,1.0,0.0,1.0,0.0,1.0,0.0,0.0,0.0,1.0
229,55.2,18,0,25,1,"3,3",MCI,0.0,0.0,1.0,1.0,0.0,0.0,1.0,0.0,0.0,0.0,1.0
230,57.7,14,0,25,1,"3,3",MCI,0.0,0.0,1.0,0.0,1.0,0.0,1.0,0.0,0.0,0.0,1.0
231,68.9,18,2,28,1,"4,4",MCI,0.0,0.0,1.0,0.0,1.0,0.0,1.0,0.0,0.0,0.0,1.0
232,80.7,20,0,26,1,"3,3",MCI,0.0,0.0,1.0,0.0,1.0,0.0,1.0,0.0,0.0,0.0,1.0
233,87.6,15,0,27,1,"3,3",CN,0.0,1.0,0.0,0.0,1.0,0.0,1.0,0.0,0.0,0.0,1.0
234,69.4,20,2,29,1,"4,4",MCI,0.0,0.0,1.0,0.0,1.0,0.0,1.0,0.0,0.0,0.0,1.0
235,74.1,16,0,29,1,"3,3",CN,0.0,1.0,0.0,0.0,1.0,0.0,1.0,0.0,0.0,0.0,1.0
236,77.7,16,2,30,1,"4,4",CN,0.0,1.0,0.0,1.0,0.0,0.0,1.0,0.0,0.0,0.0,1.0
237,70.0,16,0,30,1,"3,3",CN,0.0,1.0,0.0,1.0,0.0,0.0,1.0,0.0,0.0,0.0,1.0
238,85.1,7,0,26,0,"2,3",CN,0.0,1.0,0.0,1.0,0.0,0.0,1.0,0.0,0.0,1.0,0.0
239,74.3,18,0,25,0,"2,3",MCI,0.0,0.0,1.0,1.0,0.0,0.0,1.0,0.0,0.0,0.0,1.0
240,81.0,12,0,30,1,"3,3",CN,0.0,1.0,0.0,1.0,0.0,0.0,1.0,0.0,0.0,0.0,1.0
241,62.8,18,1,28,0,"3,4",CN,0.0,1.0,0.0,0.0,1.0,0.0,1.0,0.0,0.0,0.0,1.0
242,76.8,15,1,23,1,"3,4",AD,1.0,0.0,0.0,0.0,1.0,0.0,1.0,0.0,0.0,0.0,1.0
243,82.7,16,0,29,1,"3,3",CN,0.0,1.0,0.0,0.0,1.0,0.0,1.0,0.0,0.0,0.0,1.0
244,73.4,20,1,27,0,"3,4",MCI,0.0,0.0,1.0,0.0,1.0,0.0,1.0,0.0,1.0,0.0,0.0
245,76.7,12,0,28,1,"3,3",MCI,0.0,0.0,1.0,1.0,0.0,0.0,1.0,0.0,0.0,0.0,1.0
246,79.4,16,1,28,1,"3,4",MCI,0.0,0.0,1.0,0.0,1.0,0.0,1.0,0.0,0.0,0.0,1.0
247,75.6,12,0,26,1,"3,3",AD,1.0,0.0,0.0,0.0,1.0,0.0,1.0,0.0,0.0,0.0,1.0
248,73.6,12,1,29,1,"3,4",CN,0.0,1.0,0.0,1.0,0.0,0.0,1.0,0.0,0.0,0.0,1.0
249,68.7,14,1,25,1,"3,4",MCI,0.0,0.0,1.0,0.0,1.0,0.0,1.0,0.0,0.0,0.0,1.0
250,64.2,16,0,29,0,"3,3",MCI,0.0,0.0,1.0,0.0,1.0,0.0,1.0,0.0,0.0,0.0,1.0
251,60.1,19,1,27,1,"3,4",MCI,0.0,0.0,1.0,1.0,0.0,0.0,1.0,0.0,0.0,0.0,1.0
252,84.6,18,0,30,1,"2,3",CN,0.0,1.0,0.0,0.0,1.0,0.0,1.0,0.0,0.0,0.0,1.0
253,71.6,14,1,20,0,"3,4",AD,1.0,0.0,0.0,0.0,1.0,0.0,1.0,0.0,0.0,1.0,0.0
254,77.0,16,1,28,1,"3,4",CN,0.0,1.0,0.0,0.0,1.0,0.0,1.0,0.0,0.0,0.0,1.0
255,72.0,20,1,30,1,"3,4",MCI,0.0,0.0,1.0,0.0,1.0,0.0,1.0,0.0,0.0,0.0,1.0
256,79.8,19,0,29,1,"3,3",CN,0.0,1.0,0.0,0.0,1.0,0.0,1.0,0.0,0.0,0.0,1.0
257,80.6,18,0,26,1,"3,3",MCI,0.0,0.0,1.0,0.0,1.0,0.0,1.0,0.0,0.0,0.0,1.0
258,74.6,14,2,24,0,"4,4",AD,1.0,0.0,0.0,0.0,1.0,0.0,1.0,0.0,0.0,0.0,1.0
259,78.8,20,1,29,1,"3,4",MCI,0.0,0.0,1.0,0.0,1.0,0.0,1.0,0.0,0.0,0.0,1.0
260,73.6,16,1,28,1,"3,4",MCI,0.0,0.0,1.0,0.0,1.0,0.0,1.0,0.0,0.0,0.0,1.0
261,79.8,16,0,27,1,"3,3",MCI,0.0,0.0,1.0,1.0,0.0,0.0,1.0,0.0,0.0,0.0,1.0
262,86.2,17,0,29,1,"3,3",CN,0.0,1.0,0.0,1.0,0.0,0.0,1.0,0.0,0.0,0.0,1.0
263,77.5,14,0,28,1,"3,3",CN,0.0,1.0,0.0,0.0,1.0,0.0,1.0,0.0,0.0,0.0,1.0
264,72.4,12,2,24,1,"4,4",AD,1.0,0.0,0.0,1.0,0.0,0.0,1.0,0.0,0.0,0.0,1.0
265,77.0,14,0,30,1,"3,3",CN,0.0,1.0,0.0,1.0,0.0,0.0,1.0,0.0,0.0,0.0,1.0
266,65.4,18,1,29,1,"3,4",MCI,0.0,0.0,1.0,1.0,0.0,0.0,1.0,0.0,0.0,0.0,1.0
267,64.6,14,2,25,1,"4,4",MCI,0.0,0.0,1.0,0.0,1.0,0.0,1.0,0.0,0.0,0.0,1.0
268,72.3,20,0,27,1,"3,3",MCI,0.0,0.0,1.0,0.0,1.0,0.0,1.0,0.0,0.0,0.0,1.0
269,76.6,16,0,30,1,"3,3",CN,0.0,1.0,0.0,1.0,0.0,0.0,1.0,0.0,0.0,0.0,1.0
270,70.7,17,0,29,1,"3,3",CN,0.0,1.0,0.0,0.0,1.0,0.0,1.0,0.0,0.0,0.0,1.0
271,86.5,14,0,25,0,"3,3",MCI,0.0,0.0,1.0,0.0,1.0,0.0,1.0,0.0,0.0,0.0,1.0
272,75.6,16,1,30,1,"3,4",CN,0.0,1.0,0.0,1.0,0.0,0.0,1.0,0.0,0.0,0.0,1.0
273,68.5,10,2,23,1,"4,4",AD,1.0,0.0,0.0,1.0,0.0,0.0,1.0,0.0,0.0,0.0,1.0
274,78.0,14,1,30,1,"3,4",MCI,0.0,0.0,1.0,1.0,0.0,0.0,1.0,0.0,0.0,0.0,1.0
275,79.0,20,0,29,1,"3,3",CN,0.0,1.0,0.0,0.0,1.0,0.0,1.0,0.0,0.0,0.0,1.0
276,77.5,12,2,22,0,"4,4",AD,1.0,0.0,0.0,0.0,1.0,0.0,1.0,0.0,0.0,0.0,1.0
277,62.3,16,1,28,1,"3,4",MCI,0.0,0.0,1.0,1.0,0.0,0.0,1.0,0.0,0.0,0.0,1.0
278,74.5,15,1,30,0,"3,4",CN,0.0,1.0,0.0,1.0,0.0,0.0,1.0,0.0,0.0,0.0,1.0
279,75.9,6,0,24,1,"3,3",MCI,0.0,0.0,1.0,0.0,1.0,0.0,1.0,0.0,0.0,0.0,1.0
280,83.2,16,0,25,1,"3,3",MCI,0.0,0.0,1.0,0.0,1.0,0.0,1.0,0.0,0.0,0.0,1.0
281,58.4,12,2,23,1,"4,4",AD,1.0,0.0,0.0,1.0,0.0,0.0,1.0,0.0,0.0,0.0,1.0
282,70.8,20,2,29,0,"4,4",MCI,0.0,0.0,1.0,0.0,1.0,0.0,1.0,0.0,0.0,0.0,1.0
283,77.1,14,1,25,1,"3,4",MCI,0.0,0.0,1.0,0.0,1.0,0.0,1.0,0.0,0.0,0.0,1.0
284,83.3,11,1,20,1,"3,4",AD,1.0,0.0,0.0,0.0,1.0,0.0,1.0,0.0,0.0,0.0,1.0
285,82.1,20,0,26,1,"3,3",MCI,0.0,0.0,1.0,0.0,1.0,0.0,1.0,0.0,0.0,0.0,1.0
286,76.1,16,0,28,1,"2,3",CN,0.0,1.0,0.0,1.0,0.0,0.0,1.0,0.0,0.0,0.0,1.0
287,83.1,17,2,23,1,"4,4",MCI,0.0,0.0,1.0,0.0,1.0,0.0,1.0,0.0,0.0,0.0,1.0
288,84.5,16,0,25,1,"3,3",AD,1.0,0.0,0.0,0.0,1.0,0.0,1.0,0.0,0.0,0.0,1.0
289,71.4,15,2,29,1,"4,4",CN,0.0,1.0,0.0,1.0,0.0,0.0,1.0,0.0,0.0,0.0,1.0
290,75.0,14,0,28,1,"3,3",MCI,0.0,0.0,1.0,0.0,1.0,0.0,1.0,0.0,0.0,0.0,1.0
291,72.8,16,0,30,1,"3,3",CN,0.0,1.0,0.0,0.0,1.0,0.0,1.0,0.0,0.0,0.0,1.0
292,71.5,14,0,30,1,"3,3",CN,0.0,1.0,0.0,1.0,0.0,0.0,1.0,0.0,0.0,0.0,1.0
293,86.7,20,1,26,1,"2,4",MCI,0.0,0.0,1.0,0.0,1.0,0.0,1.0,0.0,0.0,0.0,1.0
294,82.5,13,1,25,1,"3,4",MCI,0.0,0.0,1.0,0.0,1.0,0.0,1.0,0.0,0.0,0.0,1.0
295,77.7,13,0,29,1,"2,3",CN,0.0,1.0,0.0,1.0,0.0,0.0,1.0,0.0,0.0,0.0,1.0
296,72.1,18,0,30,1,"3,3",MCI,0.0,0.0,1.0,0.0,1.0,0.0,1.0,0.0,0.0,0.0,1.0
297,69.0,20,1,28,1,"3,4",MCI,0.0,0.0,1.0,0.0,1.0,0.0,1.0,0.0,0.0,0.0,1.0
298,73.5,12,0,27,1,"3,3",MCI,0.0,0.0,1.0,0.0,1.0,0.0,1.0,0.0,0.0,0.0,1.0
299,63.6,13,1,24,1,"3,4",MCI,0.0,0.0,1.0,0.0,1.0,0.0,1.0,0.0,0.0,0.0,1.0
300,61.0,12,1,27,1,"3,4",MCI,0.0,0.0,1.0,1.0,0.0,0.0,1.0,0.0,0.0,0.0,1.0
301,62.0,12,0,30,1,"2,3",CN,0.0,1.0,0.0,1.0,0.0,0.0,1.0,0.0,0.0,0.0,1.0
302,78.2,16,2,28,0,"4,4",MCI,0.0,0.0,1.0,0.0,1.0,0.0,1.0,0.0,0.0,0.0,1.0
303,78.8,18,0,27,1,"3,3",MCI,0.0,0.0,1.0,1.0,0.0,0.0,1.0,0.0,0.0,0.0,1.0
304,70.8,18,0,28,1,"3,3",CN,0.0,1.0,0.0,0.0,1.0,0.0,1.0,0.0,0.0,0.0,1.0
305,62.9,18,0,29,0,"3,3",MCI,0.0,0.0,1.0,0.0,1.0,0.0,1.0,0.0,0.0,0.0,1.0
306,77.8,8,0,28,1,"2,3",CN,0.0,1.0,0.0,0.0,1.0,0.0,1.0,0.0,0.0,0.0,1.0
307,76.8,19,1,30,1,"3,4",CN,0.0,1.0,0.0,1.0,0.0,0.0,1.0,0.0,0.0,0.0,1.0
308,68.0,16,1,26,1,"3,4",AD,1.0,0.0,0.0,0.0,1.0,0.0,1.0,0.0,0.0,0.0,1.0
309,77.4,20,0,29,0,"3,3",CN,0.0,1.0,0.0,1.0,0.0,0.0,1.0,0.0,1.0,0.0,0.0
310,89.6,16,0,30,1,"3,3",CN,0.0,1.0,0.0,1.0,0.0,0.0,1.0,0.0,0.0,0.0,1.0
311,63.6,12,2,22,1,"4,4",AD,1.0,0.0,0.0,0.0,1.0,0.0,1.0,0.0,0.0,0.0,1.0
312,79.6,20,1,25,1,"3,4",AD,1.0,0.0,0.0,0.0,1.0,0.0,1.0,0.0,0.0,0.0,1.0
313,76.7,19,1,29,0,"3,4",CN,0.0,1.0,0.0,1.0,0.0,0.0,1.0,0.0,0.0,0.0,1.0
314,74.3,16,1,25,1,"3,4",MCI,0.0,0.0,1.0,0.0,1.0,0.0,1.0,0.0,0.0,0.0,1.0
315,74.0,12,1,25,0,"3,4",AD,1.0,0.0,0.0,1.0,0.0,0.0,1.0,0.0,0.0,1.0,0.0
316,74.3,18,1,29,1,"3,4",MCI,0.0,0.0,1.0,0.0,1.0,0.0,1.0,0.0,0.0,0.0,1.0
317,85.0,16,1,27,0,"3,4",MCI,0.0,0.0,1.0,0.0,1.0,0.0,1.0,0.0,0.0,0.0,1.0
318,83.8,8,1,30,1,"3,4",MCI,0.0,0.0,1.0,0.0,1.0,0.0,1.0,0.0,0.0,0.0,1.0
319,77.3,18,0,29,0,"3,3",CN,0.0,1.0,0.0,0.0,1.0,0.0,1.0,0.0,0.0,0.0,1.0
320,76.6,16,0,25,0,"3,3",AD,1.0,0.0,0.0,0.0,1.0,0.0,1.0,0.0,0.0,0.0,1.0
321,76.0,12,0,30,1,"3,3",CN,0.0,1.0,0.0,0.0,1.0,0.0,1.0,0.0,0.0,0.0,1.0
322,80.4,18,0,27,1,"3,3",MCI,0.0,0.0,1.0,1.0,0.0,0.0,1.0,0.0,0.0,0.0,1.0
323,77.4,14,0,23,1,"3,3",AD,1.0,0.0,0.0,1.0,0.0,0.0,1.0,0.0,0.0,0.0,1.0
324,70.1,12,0,26,1,"3,3",MCI,0.0,0.0,1.0,0.0,1.0,0.0,1.0,0.0,0.0,0.0,1.0
325,79.1,12,0,25,1,"3,3",MCI,0.0,0.0,1.0,0.0,1.0,0.0,1.0,0.0,0.0,0.0,1.0
326,78.6,20,0,21,1,"3,3",AD,1.0,0.0,0.0,0.0,1.0,0.0,1.0,0.0,0.0,0.0,1.0
327,80.9,20,1,28,1,"3,4",MCI,0.0,0.0,1.0,0.0,1.0,0.0,1.0,0.0,0.0,0.0,1.0
328,81.0,17,1,28,1,"3,4",CN,0.0,1.0,0.0,0.0,1.0,0.0,1.0,0.0,0.0,0.0,1.0
329,69.2,12,2,26,1,"4,4",MCI,0.0,0.0,1.0,1.0,0.0,0.0,1.0,0.0,0.0,0.0,1.0
330,65.1,16,1,27,1,"3,4",MCI,0.0,0.0,1.0,1.0,0.0,0.0,1.0,0.0,0.0,0.0,1.0
331,70.6,14,1,23,1,"3,4",AD,1.0,0.0,0.0,1.0,0.0,0.0,1.0,0.0,0.0,0.0,1.0
332,71.5,18,0,30,1,"3,3",CN,0.0,1.0,0.0,0.0,1.0,0.0,1.0,0.0,0.0,0.0,1.0
333,57.1,14,2,23,1,"4,4",AD,1.0,0.0,0.0,1.0,0.0,0.0,1.0,0.0,0.0,0.0,1.0
334,72.6,18,0,30,1,"3,3",CN,0.0,1.0,0.0,0.0,1.0,0.0,1.0,0.0,0.0,0.0,1.0
335,82.8,15,1,26,1,"3,4",MCI,0.0,0.0,1.0,0.0,1.0,0.0,1.0,0.0,0.0,0.0,1.0
336,80.3,18,1,28,1,"3,4",CN,0.0,1.0,0.0,1.0,0.0,0.0,1.0,0.0,0.0,0.0,1.0
337,73.8,18,0,30,1,"3,3",MCI,0.0,0.0,1.0,1.0,0.0,0.0,1.0,0.0,0.0,0.0,1.0
338,79.6,16,1,26,1,"3,4",MCI,0.0,0.0,1.0,0.0,1.0,0.0,1.0,0.0,0.0,0.0,1.0
339,75.6,12,1,27,1,"3,4",MCI,0.0,0.0,1.0,1.0,0.0,0.0,1.0,0.0,0.0,0.0,1.0
340,70.9,16,0,27,1,"2,3",CN,0.0,1.0,0.0,0.0,1.0,0.0,1.0,0.0,0.0,0.0,1.0
341,82.0,16,1,24,1,"3,4",MCI,0.0,0.0,1.0,1.0,0.0,0.0,1.0,0.0,0.0,0.0,1.0
342,65.5,16,2,24,1,"4,4",AD,1.0,0.0,0.0,0.0,1.0,0.0,1.0,0.0,0.0,0.0,1.0
343,67.7,14,1,23,0,"3,4",AD,1.0,0.0,0.0,1.0,0.0,0.0,1.0,0.0,0.0,0.0,1.0
344,81.8,12,1,22,0,"3,4",AD,1.0,0.0,0.0,1.0,0.0,0.0,1.0,0.0,0.0,0.0,1.0
345,69.4,12,1,25,1,"3,4",AD,1.0,0.0,0.0,1.0,0.0,0.0,1.0,0.0,0.0,0.0,1.0
346,73.0,16,0,29,1,"3,3",CN,0.0,1.0,0.0,1.0,0.0,0.0,1.0,0.0,0.0,0.0,1.0
347,77.3,14,1,30,1,"3,4",CN,0.0,1.0,0.0,0.0,1.0,0.0,1.0,0.0,0.0,0.0,1.0
348,74.1,19,0,28,0,"3,3",MCI,0.0,0.0,1.0,1.0,0.0,0.0,1.0,0.0,0.0,0.0,1.0
349,72.4,13,1,28,1,"3,4",CN,0.0,1.0,0.0,0.0,1.0,0.0,1.0,0.0,0.0,0.0,1.0
350,79.5,13,1,28,1,"3,4",CN,0.0,1.0,0.0,0.0,1.0,0.0,1.0,0.0,0.0,0.0,1.0
351,81.6,16,0,29,0,"3,3",MCI,0.0,0.0,1.0,0.0,1.0,0.0,1.0,0.0,0.0,0.0,1.0
352,79.2,18,0,29,1,"3,3",MCI,0.0,0.0,1.0,1.0,0.0,0.0,1.0,0.0,0.0,0.0,1.0
353,75.8,16,0,23,1,"3,3",AD,1.0,0.0,0.0,1.0,0.0,0.0,1.0,0.0,0.0,0.0,1.0
354,74.5,19,0,26,1,"3,3",AD,1.0,0.0,0.0,0.0,1.0,0.0,1.0,0.0,0.0,0.0,1.0
355,83.3,14,1,26,0,"3,4",AD,1.0,0.0,0.0,1.0,0.0,0.0,1.0,0.0,0.0,0.0,1.0
356,73.5,16,0,30,1,"3,3",MCI,0.0,0.0,1.0,0.0,1.0,0.0,1.0,0.0,0.0,0.0,1.0
357,68.9,20,1,26,1,"3,4",AD,1.0,0.0,0.0,0.0,1.0,0.0,1.0,0.0,0.0,0.0,1.0
358,80.3,14,0,26,1,"3,3",AD,1.0,0.0,0.0,0.0,1.0,0.0,1.0,0.0,0.0,0.0,1.0
359,74.0,12,2,29,1,"4,4",MCI,0.0,0.0,1.0,0.0,1.0,0.0,1.0,0.0,0.0,0.0,1.0
360,84.7,12,0,22,1,"3,3",AD,1.0,0.0,0.0,1.0,0.0,0.0,1.0,0.0,0.0,0.0,1.0
361,83.3,16,0,29,1,"3,3",CN,0.0,1.0,0.0,0.0,1.0,0.0,1.0,0.0,0.0,0.0,1.0
362,72.7,16,0,29,1,"3,3",CN,0.0,1.0,0.0,0.0,1.0,0.0,1.0,0.0,0.0,0.0,1.0
363,71.0,16,1,21,1,"3,4",AD,1.0,0.0,0.0,1.0,0.0,0.0,1.0,0.0,0.0,0.0,1.0
364,70.8,20,2,26,1,"4,4",AD,1.0,0.0,0.0,0.0,1.0,0.0,1.0,0.0,0.0,0.0,1.0
365,74.0,10,0,29,1,"3,3",CN,0.0,1.0,0.0,1.0,0.0,0.0,1.0,0.0,0.0,0.0,1.0
366,76.2,13,0,30,1,"3,3",CN,0.0,1.0,0.0,1.0,0.0,0.0,1.0,0.0,0.0,0.0,1.0
367,87.0,12,0,28,1,"3,3",MCI,0.0,0.0,1.0,0.0,1.0,0.0,1.0,0.0,0.0,0.0,1.0
368,64.9,15,2,24,1,"4,4",AD,1.0,0.0,0.0,1.0,0.0,0.0,1.0,0.0,0.0,0.0,1.0
369,70.8,16,1,29,1,"3,4",MCI,0.0,0.0,1.0,0.0,1.0,0.0,1.0,0.0,0.0,0.0,1.0
370,63.9,13,1,26,1,"3,4",MCI,0.0,0.0,1.0,0.0,1.0,0.0,1.0,0.0,0.0,0.0,1.0
371,72.7,14,1,26,1,"3,4",MCI,0.0,0.0,1.0,0.0,1.0,0.0,1.0,0.0,0.0,0.0,1.0
372,83.1,16,1,26,1,"3,4",AD,1.0,0.0,0.0,0.0,1.0,0.0,1.0,0.0,0.0,0.0,1.0
373,79.4,9,0,26,1,"2,3",MCI,0.0,0.0,1.0,1.0,0.0,0.0,1.0,0.0,0.0,0.0,1.0
374,73.6,18,1,28,0,"3,4",CN,0.0,1.0,0.0,0.0,1.0,0.0,1.0,0.0,0.0,0.0,1.0
375,70.5,16,0,28,0,"3,3",CN,0.0,1.0,0.0,0.0,1.0,0.0,1.0,0.0,0.0,0.0,1.0
376,85.3,12,0,22,0,"3,3",AD,1.0,0.0,0.0,1.0,0.0,0.0,1.0,0.0,0.0,0.0,1.0
377,80.3,16,1,28,0,"3,4",CN,0.0,1.0,0.0,0.0,1.0,0.0,1.0,0.0,0.0,0.0,1.0
378,78.1,16,1,22,1,"3,4",AD,1.0,0.0,0.0,0.0,1.0,0.0,1.0,0.0,0.0,0.0,1.0
379,72.5,12,1,25,1,"3,4",MCI,0.0,0.0,1.0,1.0,0.0,0.0,1.0,0.0,0.0,0.0,1.0
380,84.3,18,1,24,1,"3,4",AD,1.0,0.0,0.0,1.0,0.0,0.0,1.0,0.0,0.0,0.0,1.0
381,86.8,16,2,26,1,"4,4",AD,1.0,0.0,0.0,0.0,1.0,0.0,1.0,0.0,0.0,0.0,1.0
382,75.6,12,0,25,1,"3,3",MCI,0.0,0.0,1.0,0.0,1.0,0.0,1.0,0.0,0.0,0.0,1.0
383,60.3,13,1,27,1,"3,4",MCI,0.0,0.0,1.0,0.0,1.0,0.0,1.0,0.0,0.0,0.0,1.0
384,85.2,16,0,29,1,"3,3",MCI,0.0,0.0,1.0,0.0,1.0,0.0,1.0,0.0,0.0,0.0,1.0
385,87.1,16,2,24,1,"4,4",MCI,0.0,0.0,1.0,0.0,1.0,0.0,1.0,0.0,0.0,0.0,1.0
386,73.4,12,1,30,1,"3,4",CN,0.0,1.0,0.0,1.0,0.0,0.0,1.0,0.0,0.0,0.0,1.0
387,79.1,15,0,26,1,"3,3",CN,0.0,1.0,0.0,0.0,1.0,0.0,1.0,0.0,0.0,0.0,1.0
388,73.5,10,1,27,1,"3,4",MCI,0.0,0.0,1.0,0.0,1.0,0.0,1.0,0.0,0.0,0.0,1.0
389,80.0,13,0,28,0,"2,3",CN,0.0,1.0,0.0,1.0,0.0,0.0,1.0,0.0,0.0,0.0,1.0
390,71.8,16,0,30,1,"3,3",MCI,0.0,0.0,1.0,0.0,1.0,0.0,1.0,0.0,0.0,0.0,1.0
391,82.9,16,1,26,1,"3,4",MCI,0.0,0.0,1.0,1.0,0.0,0.0,1.0,0.0,0.0,0.0,1.0
392,69.6,17,0,25,0,"3,3",MCI,0.0,0.0,1.0,0.0,1.0,0.0,1.0,0.0,0.0,0.0,1.0
393,78.1,14,1,25,1,"3,4",MCI,0.0,0.0,1.0,1.0,0.0,0.0,1.0,0.0,0.0,0.0,1.0
394,66.1,16,2,25,1,"4,4",MCI,0.0,0.0,1.0,1.0,0.0,0.0,1.0,0.0,0.0,0.0,1.0
395,72.3,14,1,26,0,"3,4",MCI,0.0,0.0,1.0,0.0,1.0,0.0,1.0,0.0,1.0,0.0,0.0
396,84.2,13,0,25,0,"3,3",MCI,0.0,0.0,1.0,0.0,1.0,0.0,1.0,0.0,0.0,0.0,1.0
397,76.1,16,1,29,1,"3,4",CN,0.0,1.0,0.0,1.0,0.0,0.0,1.0,0.0,0.0,0.0,1.0
398,71.3,15,0,28,1,"2,3",CN,0.0,1.0,0.0,1.0,0.0,0.0,1.0,0.0,0.0,0.0,1.0
399,73.7,8,1,24,1,"3,4",MCI,0.0,0.0,1.0,1.0,0.0,0.0,1.0,0.0,0.0,0.0,1.0
400,72.5,16,1,26,1,"2,4",AD,1.0,0.0,0.0,1.0,0.0,0.0,1.0,0.0,0.0,0.0,1.0
401,79.3,12,1,22,1,"3,4",AD,1.0,0.0,0.0,1.0,0.0,0.0,1.0,0.0,0.0,0.0,1.0
402,76.8,16,0,30,0,"3,3",CN,0.0,1.0,0.0,0.0,1.0,0.0,1.0,0.0,0.0,0.0,1.0
403,83.1,12,0,29,1,"3,3",CN,0.0,1.0,0.0,1.0,0.0,0.0,1.0,0.0,0.0,0.0,1.0
404,80.1,16,0,30,1,"3,3",CN,0.0,1.0,0.0,1.0,0.0,0.0,1.0,0.0,0.0,0.0,1.0
405,84.1,16,0,24,1,"3,3",MCI,0.0,0.0,1.0,0.0,1.0,0.0,1.0,0.0,0.0,0.0,1.0
406,65.3,12,1,25,1,"3,4",MCI,0.0,0.0,1.0,1.0,0.0,0.0,1.0,0.0,0.0,0.0,1.0
407,88.6,20,0,30,0,"3,3",CN,0.0,1.0,0.0,1.0,0.0,0.0,1.0,0.0,0.0,0.0,1.0
408,62.9,16,0,29,0,"2,3",MCI,0.0,0.0,1.0,1.0,0.0,0.0,1.0,0.0,0.0,0.0,1.0
409,69.1,18,1,27,0,"3,4",MCI,0.0,0.0,1.0,1.0,0.0,0.0,1.0,0.0,1.0,0.0,0.0
410,73.9,18,1,29,0,"3,4",MCI,0.0,0.0,1.0,1.0,0.0,0.0,1.0,0.0,0.0,1.0,0.0
411,56.6,15,0,26,0,"3,3",MCI,0.0,0.0,1.0,1.0,0.0,0.0,1.0,0.0,0.0,0.0,1.0
412,74.4,12,1,30,0,"3,4",MCI,0.0,0.0,1.0,0.0,1.0,0.0,1.0,0.0,0.0,0.0,1.0
413,80.6,14,1,26,0,"3,4",MCI,0.0,0.0,1.0,1.0,0.0,0.0,1.0,0.0,0.0,0.0,1.0
414,79.7,16,2,21,0,"4,4",AD,1.0,0.0,0.0,0.0,1.0,0.0,1.0,0.0,0.0,0.0,1.0
415,62.4,18,1,27,1,"2,4",MCI,0.0,0.0,1.0,0.0,1.0,0.0,1.0,0.0,0.0,0.0,1.0
416,80.0,12,1,30,1,"3,4",CN,0.0,1.0,0.0,1.0,0.0,0.0,1.0,0.0,0.0,0.0,1.0
417,71.4,19,1,26,0,"3,4",MCI,0.0,0.0,1.0,0.0,1.0,0.0,1.0,0.0,0.0,0.0,1.0
418,68.1,12,1,26,1,"3,4",MCI,0.0,0.0,1.0,0.0,1.0,0.0,1.0,0.0,0.0,0.0,1.0
419,83.1,14,0,30,1,"3,3",CN,0.0,1.0,0.0,0.0,1.0,0.0,1.0,0.0,0.0,0.0,1.0
420,74.4,12,0,29,0,"3,3",MCI,0.0,0.0,1.0,0.0,1.0,0.0,1.0,0.0,0.0,0.0,1.0
421,71.4,16,0,29,1,"3,3",CN,0.0,1.0,0.0,1.0,0.0,0.0,1.0,0.0,0.0,0.0,1.0
422,82.8,20,0,27,1,"3,3",MCI,0.0,0.0,1.0,1.0,0.0,0.0,1.0,0.0,0.0,0.0,1.0
423,75.3,16,0,27,1,"3,3",MCI,0.0,0.0,1.0,0.0,1.0,0.0,1.0,0.0,0.0,0.0,1.0
424,70.0,10,0,28,0,"3,3",CN,0.0,1.0,0.0,1.0,0.0,0.0,1.0,0.0,0.0,0.0,1.0
425,82.2,16,0,23,1,"3,3",AD,1.0,0.0,0.0,1.0,0.0,0.0,1.0,0.0,0.0,0.0,1.0
426,73.3,14,2,25,0,"4,4",MCI,0.0,0.0,1.0,1.0,0.0,0.0,1.0,0.0,0.0,0.0,1.0
427,72.4,12,0,25,1,"3,3",MCI,0.0,0.0,1.0,0.0,1.0,0.0,1.0,0.0,0.0,0.0,1.0
428,82.6,13,1,25,0,"3,4",MCI,0.0,0.0,1.0,1.0,0.0,0.0,1.0,0.0,0.0,0.0,1.0
429,73.5,17,0,26,0,"3,3",MCI,0.0,0.0,1.0,0.0,1.0,0.0,1.0,0.0,0.0,1.0,0.0
430,84.8,18,0,28,1,"3,3",CN,0.0,1.0,0.0,0.0,1.0,0.0,1.0,0.0,0.0,0.0,1.0
431,81.7,13,1,26,1,"2,4",MCI,0.0,0.0,1.0,1.0,0.0,0.0,1.0,0.0,0.0,0.0,1.0
432,69.3,14,1,25,1,"3,4",MCI,0.0,0.0,1.0,1.0,0.0,0.0,1.0,0.0,0.0,0.0,1.0
433,63.8,7,0,23,0,"3,3",AD,1.0,0.0,0.0,1.0,0.0,0.0,1.0,0.0,0.0,1.0,0.0
434,72.8,16,1,26,1,"3,4",MCI,0.0,0.0,1.0,0.0,1.0,0.0,1.0,0.0,0.0,0.0,1.0
435,72.6,16,1,30,1,"3,4",CN,0.0,1.0,0.0,0.0,1.0,0.0,1.0,0.0,0.0,0.0,1.0
436,76.8,20,0,30,0,"2,2",CN,0.0,1.0,0.0,0.0,1.0,0.0,1.0,0.0,0.0,1.0,0.0
437,70.0,18,0,29,0,"3,3",CN,0.0,1.0,0.0,0.0,1.0,0.0,1.0,0.0,0.0,0.0,1.0
438,77.9,16,1,30,1,"3,4",CN,0.0,1.0,0.0,0.0,1.0,0.0,1.0,0.0,0.0,0.0,1.0
439,80.5,15,0,27,1,"2,3",MCI,0.0,0.0,1.0,0.0,1.0,0.0,1.0,0.0,0.0,0.0,1.0
440,73.1,12,1,29,1,"3,4",MCI,0.0,0.0,1.0,0.0,1.0,0.0,1.0,0.0,0.0,0.0,1.0
441,86.2,18,1,21,1,"3,4",AD,1.0,0.0,0.0,0.0,1.0,0.0,1.0,0.0,0.0,0.0,1.0
442,84.3,16,0,29,0,"3,3",CN,0.0,1.0,0.0,1.0,0.0,0.0,1.0,0.0,0.0,0.0,1.0
443,80.2,16,0,26,0,"3,3",MCI,0.0,0.0,1.0,1.0,0.0,0.0,1.0,0.0,0.0,0.0,1.0
444,81.6,14,1,30,1,"2,4",CN,0.0,1.0,0.0,0.0,1.0,0.0,1.0,0.0,0.0,0.0,1.0
445,79.1,18,2,24,0,"4,4",MCI,0.0,0.0,1.0,1.0,0.0,0.0,1.0,0.0,0.0,0.0,1.0
446,86.3,10,0,21,1,"2,3",AD,1.0,0.0,0.0,1.0,0.0,0.0,1.0,0.0,0.0,0.0,1.0
447,55.1,18,1,27,1,"3,4",MCI,0.0,0.0,1.0,1.0,0.0,0.0,1.0,0.0,0.0,0.0,1.0
448,78.5,12,1,26,1,"3,4",AD,1.0,0.0,0.0,1.0,0.0,0.0,1.0,0.0,0.0,0.0,1.0
449,80.4,20,0,24,1,"3,3",MCI,0.0,0.0,1.0,1.0,0.0,0.0,1.0,0.0,0.0,0.0,1.0
450,70.8,12,0,25,1,"3,3",AD,1.0,0.0,0.0,0.0,1.0,0.0,1.0,0.0,0.0,0.0,1.0
451,69.3,14,1,22,0,"3,4",AD,1.0,0.0,0.0,0.0,1.0,0.0,1.0,0.0,0.0,1.0,0.0
452,76.3,18,0,30,1,"3,3",CN,0.0,1.0,0.0,1.0,0.0,0.0,1.0,0.0,0.0,0.0,1.0
453,73.9,12,1,27,1,"3,4",MCI,0.0,0.0,1.0,1.0,0.0,0.0,1.0,0.0,0.0,0.0,1.0
454,72.3,17,0,30,1,"3,3",MCI,0.0,0.0,1.0,0.0,1.0,0.0,1.0,0.0,0.0,0.0,1.0
455,75.8,16,2,28,1,"4,4",CN,0.0,1.0,0.0,0.0,1.0,0.0,1.0,0.0,0.0,0.0,1.0
456,74.2,20,1,26,1,"3,4",MCI,0.0,0.0,1.0,0.0,1.0,0.0,1.0,0.0,0.0,0.0,1.0
457,84.7,15,0,30,0,"3,3",CN,0.0,1.0,0.0,1.0,0.0,0.0,1.0,0.0,0.0,1.0,0.0
458,78.3,13,0,29,1,"3,3",CN,0.0,1.0,0.0,1.0,0.0,0.0,1.0,0.0,0.0,0.0,1.0
459,70.7,13,0,26,1,"3,3",AD,1.0,0.0,0.0,1.0,0.0,0.0,1.0,0.0,0.0,0.0,1.0
460,77.1,18,1,27,1,"3,4",CN,0.0,1.0,0.0,1.0,0.0,0.0,1.0,0.0,0.0,0.0,1.0
461,69.1,12,2,25,0,"4,4",AD,1.0,0.0,0.0,1.0,0.0,0.0,1.0,0.0,0.0,0.0,1.0
462,76.9,7,1,25,1,"3,4",MCI,0.0,0.0,1.0,1.0,0.0,1.0,0.0,0.0,0.0,0.0,1.0
463,67.4,20,0,28,1,"3,3",MCI,0.0,0.0,1.0,0.0,1.0,0.0,1.0,0.0,0.0,0.0,1.0
464,84.7,18,1,27,0,"3,4",MCI,0.0,0.0,1.0,0.0,1.0,0.0,1.0,0.0,0.0,0.0,1.0
465,73.3,18,1,28,1,"3,4",MCI,0.0,0.0,1.0,1.0,0.0,0.0,1.0,0.0,0.0,0.0,1.0
466,75.1,18,0,26,1,"2,3",MCI,0.0,0.0,1.0,0.0,1.0,0.0,1.0,0.0,0.0,0.0,1.0
467,87.2,20,1,30,1,"3,4",CN,0.0,1.0,0.0,0.0,1.0,0.0,1.0,0.0,0.0,0.0,1.0
468,71.4,11,0,29,0,"3,3",MCI,0.0,0.0,1.0,0.0,1.0,0.0,1.0,0.0,0.0,0.0,1.0
469,68.5,16,0,25,0,"3,3",MCI,0.0,0.0,1.0,0.0,1.0,1.0,0.0,0.0,0.0,0.0,1.0
470,65.6,13,1,25,1,"3,4",AD,1.0,0.0,0.0,0.0,1.0,0.0,1.0,0.0,0.0,0.0,1.0
471,82.6,14,0,26,1,"3,3",MCI,0.0,0.0,1.0,1.0,0.0,0.0,1.0,0.0,0.0,0.0,1.0
472,71.6,20,1,25,1,"3,4",MCI,0.0,0.0,1.0,0.0,1.0,0.0,1.0,0.0,0.0,0.0,1.0
473,69.0,8,1,26,1,"3,4",MCI,0.0,0.0,1.0,1.0,0.0,0.0,1.0,0.0,0.0,0.0,1.0
474,69.9,10,1,30,1,"3,4",MCI,0.0,0.0,1.0,0.0,1.0,0.0,1.0,0.0,0.0,0.0,1.0
475,71.1,13,0,23,0,"3,3",AD,1.0,0.0,0.0,1.0,0.0,0.0,1.0,0.0,0.0,0.0,1.0
476,61.2,18,2,26,0,"4,4",MCI,0.0,0.0,1.0,1.0,0.0,0.0,1.0,0.0,0.0,1.0,0.0
477,78.4,19,1,29,0,"3,4",CN,0.0,1.0,0.0,1.0,0.0,0.0,1.0,0.0,0.0,1.0,0.0
478,72.4,13,2,29,1,"4,4",MCI,0.0,0.0,1.0,0.0,1.0,0.0,1.0,0.0,0.0,0.0,1.0
479,73.6,14,0,25,1,"3,3",MCI,0.0,0.0,1.0,0.0,1.0,0.0,1.0,0.0,0.0,0.0,1.0
480,59.8,13,0,30,0,"3,3",MCI,0.0,0.0,1.0,1.0,0.0,0.0,1.0,0.0,0.0,0.0,1.0
481,65.7,18,1,27,0,"3,4",MCI,0.0,0.0,1.0,1.0,0.0,0.0,1.0,0.0,0.0,0.0,1.0
482,70.6,16,2,27,1,"4,4",MCI,0.0,0.0,1.0,0.0,1.0,0.0,1.0,0.0,0.0,0.0,1.0
483,81.4,19,0,28,1,"3,3",MCI,0.0,0.0,1.0,0.0,1.0,0.0,1.0,0.0,0.0,0.0,1.0
484,84.5,20,1,23,1,"3,4",AD,1.0,0.0,0.0,0.0,1.0,0.0,1.0,0.0,0.0,0.0,1.0
485,81.4,20,1,29,1,"3,4",CN,0.0,1.0,0.0,0.0,1.0,0.0,1.0,0.0,0.0,0.0,1.0
486,87.9,18,0,24,0,"3,3",MCI,0.0,0.0,1.0,0.0,1.0,0.0,1.0,0.0,1.0,0.0,0.0
487,71.3,16,2,24,0,"4,4",AD,1.0,0.0,0.0,0.0,1.0,0.0,1.0,0.0,0.0,0.0,1.0
488,76.0,20,0,30,1,"3,3",CN,0.0,1.0,0.0,0.0,1.0,0.0,1.0,0.0,0.0,0.0,1.0
489,80.3,12,1,25,1,"3,4",AD,1.0,0.0,0.0,1.0,0.0,0.0,1.0,0.0,0.0,0.0,1.0
490,72.0,15,1,29,0,"3,4",CN,0.0,1.0,0.0,1.0,0.0,0.0,1.0,0.0,0.0,0.0,1.0
491,79.2,15,1,29,0,"2,4",CN,0.0,1.0,0.0,1.0,0.0,0.0,1.0,0.0,0.0,1.0,0.0
492,70.9,12,1,26,1,"3,4",AD,1.0,0.0,0.0,1.0,0.0,0.0,1.0,0.0,0.0,0.0,1.0
493,83.0,18,0,27,1,"3,3",MCI,0.0,0.0,1.0,0.0,1.0,0.0,1.0,0.0,0.0,0.0,1.0
494,74.0,18,0,30,1,"3,3",MCI,0.0,0.0,1.0,1.0,0.0,0.0,1.0,0.0,0.0,0.0,1.0
495,77.8,17,1,21,1,"3,4",AD,1.0,0.0,0.0,1.0,0.0,0.0,1.0,0.0,0.0,0.0,1.0
496,78.3,12,0,28,0,"3,3",MCI,0.0,0.0,1.0,1.0,0.0,0.0,1.0,0.0,0.0,1.0,0.0
497,83.4,18,2,27,1,"4,4",MCI,0.0,0.0,1.0,0.0,1.0,0.0,1.0,0.0,0.0,0.0,1.0
498,68.9,18,0,26,1,"3,3",MCI,0.0,0.0,1.0,1.0,0.0,1.0,0.0,0.0,0.0,0.0,1.0
499,82.5,12,0,27,1,"3,3",MCI,0.0,0.0,1.0,0.0,1.0,0.0,1.0,0.0,0.0,0.0,1.0
500,76.4,18,0,29,1,"3,3",MCI,0.0,0.0,1.0,0.0,1.0,0.0,1.0,0.0,0.0,0.0,1.0
501,77.9,20,0,29,1,"3,3",MCI,0.0,0.0,1.0,1.0,0.0,0.0,1.0,0.0,0.0,0.0,1.0
502,56.2,18,0,24,0,"3,3",MCI,0.0,0.0,1.0,1.0,0.0,1.0,0.0,0.0,0.0,0.0,1.0
503,76.6,14,0,28,0,"3,3",MCI,0.0,0.0,1.0,1.0,0.0,1.0,0.0,0.0,0.0,0.0,1.0
504,75.8,16,1,30,0,"3,4",CN,0.0,1.0,0.0,1.0,0.0,0.0,1.0,0.0,0.0,0.0,1.0
505,80.0,18,0,26,2,"3,3",MCI,0.0,0.0,1.0,0.0,1.0,0.0,1.0,0.0,0.0,0.0,1.0
506,71.1,18,1,29,1,"3,4",MCI,0.0,0.0,1.0,1.0,0.0,0.0,1.0,0.0,0.0,0.0,1.0
507,86.4,7,0,25,0,"3,3",MCI,0.0,0.0,1.0,0.0,1.0,0.0,1.0,0.0,0.0,0.0,1.0
508,79.9,20,0,30,1,"3,3",CN,0.0,1.0,0.0,1.0,0.0,0.0,1.0,0.0,0.0,0.0,1.0
509,75.6,14,1,27,1,"3,4",MCI,0.0,0.0,1.0,0.0,1.0,0.0,1.0,0.0,0.0,0.0,1.0
510,81.5,18,0,24,0,"3,3",AD,1.0,0.0,0.0,1.0,0.0,0.0,1.0,0.0,0.0,0.0,1.0
511,84.4,18,0,25,0,"3,3",MCI,0.0,0.0,1.0,0.0,1.0,0.0,1.0,0.0,1.0,0.0,0.0
512,77.4,13,1,21,1,"3,4",AD,1.0,0.0,0.0,0.0,1.0,0.0,1.0,0.0,0.0,0.0,1.0
513,69.7,14,2,25,1,"4,4",MCI,0.0,0.0,1.0,1.0,0.0,0.0,1.0,0.0,0.0,0.0,1.0
514,71.4,8,1,23,1,"3,4",AD,1.0,0.0,0.0,1.0,0.0,0.0,1.0,0.0,0.0,0.0,1.0
515,57.8,20,0,28,0,"3,3",MCI,0.0,0.0,1.0,0.0,1.0,0.0,1.0,0.0,0.0,0.0,1.0
516,84.9,12,1,21,0,"3,4",AD,1.0,0.0,0.0,1.0,0.0,0.0,1.0,0.0,0.0,1.0,0.0
517,69.5,16,0,21,0,"2,3",AD,1.0,0.0,0.0,1.0,0.0,0.0,1.0,0.0,0.0,0.0,1.0
518,81.4,19,1,28,1,"3,4",MCI,0.0,0.0,1.0,0.0,1.0,0.0,1.0,0.0,0.0,0.0,1.0
519,81.2,16,0,29,0,"3,3",MCI,0.0,0.0,1.0,1.0,0.0,0.0,1.0,0.0,0.0,0.0,1.0
520,72.2,18,0,30,1,"3,3",CN,0.0,1.0,0.0,1.0,0.0,0.0,1.0,0.0,0.0,0.0,1.0
521,72.9,13,1,23,1,"3,4",AD,1.0,0.0,0.0,0.0,1.0,0.0,1.0,0.0,0.0,0.0,1.0
522,71.5,12,1,24,1,"3,4",AD,1.0,0.0,0.0,0.0,1.0,0.0,1.0,0.0,0.0,0.0,1.0
523,76.0,18,0,29,1,"3,3",MCI,0.0,0.0,1.0,1.0,0.0,0.0,1.0,0.0,0.0,0.0,1.0
524,80.2,16,0,24,0,"3,3",MCI,0.0,0.0,1.0,0.0,1.0,0.0,1.0,0.0,0.0,1.0,0.0
525,83.2,12,0,28,1,"3,3",MCI,0.0,0.0,1.0,0.0,1.0,0.0,1.0,0.0,0.0,0.0,1.0
526,76.4,12,1,28,1,"3,4",MCI,0.0,0.0,1.0,0.0,1.0,0.0,1.0,0.0,0.0,0.0,1.0
527,81.2,18,1,28,0,"2,4",MCI,0.0,0.0,1.0,1.0,0.0,0.0,1.0,0.0,0.0,0.0,1.0
528,76.5,13,0,30,1,"3,3",CN,0.0,1.0,0.0,1.0,0.0,0.0,1.0,0.0,0.0,0.0,1.0
529,84.8,18,0,30,1,"3,3",CN,0.0,1.0,0.0,0.0,1.0,0.0,1.0,0.0,0.0,0.0,1.0
530,82.4,20,0,30,1,"2,3",CN,0.0,1.0,0.0,1.0,0.0,0.0,0.0,1.0,0.0,0.0,1.0
531,84.4,16,0,30,0,"3,3",CN,0.0,1.0,0.0,0.0,1.0,0.0,1.0,0.0,0.0,0.0,1.0
532,75.5,16,0,26,0,"3,3",AD,1.0,0.0,0.0,1.0,0.0,0.0,1.0,0.0,1.0,0.0,0.0
533,77.5,18,0,28,1,"3,3",CN,0.0,1.0,0.0,0.0,1.0,0.0,1.0,0.0,0.0,0.0,1.0
534,83.0,19,0,23,1,"3,3",AD,1.0,0.0,0.0,0.0,1.0,0.0,1.0,0.0,0.0,0.0,1.0
535,72.9,14,0,29,1,"3,3",CN,0.0,1.0,0.0,0.0,1.0,0.0,1.0,0.0,0.0,0.0,1.0
536,72.0,18,1,26,1,"3,4",AD,1.0,0.0,0.0,1.0,0.0,0.0,1.0,0.0,0.0,0.0,1.0
537,74.8,16,1,27,1,"3,4",MCI,0.0,0.0,1.0,1.0,0.0,0.0,1.0,0.0,0.0,0.0,1.0
538,78.5,16,0,30,0,"3,3",MCI,0.0,0.0,1.0,0.0,1.0,0.0,1.0,0.0,0.0,0.0,1.0
539,67.8,16,2,29,1,"4,4",MCI,0.0,0.0,1.0,1.0,0.0,0.0,1.0,0.0,0.0,0.0,1.0
540,71.2,6,1,21,1,"3,4",AD,1.0,0.0,0.0,0.0,1.0,0.0,1.0,0.0,0.0,0.0,1.0
541,73.4,16,0,30,0,"2,3",CN,0.0,1.0,0.0,1.0,0.0,0.0,1.0,0.0,0.0,1.0,0.0
542,81.1,16,0,26,1,"3,3",MCI,0.0,0.0,1.0,0.0,1.0,0.0,1.0,0.0,0.0,0.0,1.0
543,76.4,20,0,28,1,"3,3",MCI,0.0,0.0,1.0,0.0,1.0,0.0,1.0,0.0,0.0,0.0,1.0
544,64.6,12,0,29,1,"3,3",MCI,0.0,0.0,1.0,1.0,0.0,0.0,1.0,0.0,0.0,0.0,1.0
545,72.1,14,0,28,1,"3,3",CN,0.0,1.0,0.0,1.0,0.0,0.0,1.0,0.0,0.0,0.0,1.0
546,67.0,16,2,26,1,"4,4",MCI,0.0,0.0,1.0,1.0,0.0,0.0,1.0,0.0,0.0,0.0,1.0
547,72.1,20,0,30,0,"3,3",CN,0.0,1.0,0.0,0.0,1.0,0.0,1.0,0.0,0.0,0.0,1.0
548,71.1,19,0,26,0,"2,3",CN,0.0,1.0,0.0,1.0,0.0,0.0,1.0,0.0,1.0,0.0,0.0
549,77.3,16,1,27,1,"3,4",MCI,0.0,0.0,1.0,0.0,1.0,0.0,1.0,0.0,0.0,0.0,1.0
550,71.3,14,0,27,1,"2,3",MCI,0.0,0.0,1.0,1.0,0.0,0.0,1.0,0.0,0.0,0.0,1.0
551,72.4,14,1,29,1,"3,4",MCI,0.0,0.0,1.0,0.0,1.0,0.0,1.0,0.0,0.0,0.0,1.0
552,72.5,9,0,24,1,"3,3",MCI,0.0,0.0,1.0,1.0,0.0,0.0,1.0,0.0,0.0,0.0,1.0
553,70.8,15,1,30,1,"3,4",CN,0.0,1.0,0.0,1.0,0.0,0.0,1.0,0.0,0.0,0.0,1.0
554,73.2,10,0,28,0,"2,3",CN,0.0,1.0,0.0,1.0,0.0,0.0,1.0,0.0,0.0,1.0,0.0
555,74.2,13,0,28,1,"3,3",CN,0.0,1.0,0.0,1.0,0.0,0.0,1.0,0.0,0.0,0.0,1.0
556,84.3,11,0,21,1,"3,3",AD,1.0,0.0,0.0,0.0,1.0,0.0,1.0,0.0,0.0,0.0,1.0
557,76.4,16,0,28,1,"3,3",MCI,0.0,0.0,1.0,1.0,0.0,0.0,1.0,0.0,0.0,0.0,1.0
558,71.6,17,1,30,1,"3,4",CN,0.0,1.0,0.0,1.0,0.0,0.0,1.0,0.0,0.0,0.0,1.0
559,71.2,16,0,28,1,"3,3",MCI,0.0,0.0,1.0,0.0,1.0,0.0,1.0,0.0,0.0,0.0,1.0
560,71.1,16,0,30,1,"3,3",CN,0.0,1.0,0.0,1.0,0.0,0.0,1.0,0.0,0.0,0.0,1.0
561,72.7,12,0,21,1,"3,3",AD,1.0,0.0,0.0,1.0,0.0,0.0,1.0,0.0,0.0,0.0,1.0
562,82.2,8,1,26,1,"3,4",MCI,0.0,0.0,1.0,1.0,0.0,0.0,1.0,0.0,0.0,0.0,1.0
563,73.2,16,0,30,0,"2,3",CN,0.0,1.0,0.0,0.0,1.0,0.0,1.0,0.0,0.0,0.0,1.0
564,82.7,20,1,28,1,"3,4",MCI,0.0,0.0,1.0,0.0,1.0,0.0,1.0,0.0,0.0,0.0,1.0
565,73.4,20,0,27,1,"2,3",MCI,0.0,0.0,1.0,0.0,1.0,0.0,1.0,0.0,0.0,0.0,1.0
566,71.2,16,1,27,1,"3,4",MCI,0.0,0.0,1.0,0.0,1.0,0.0,1.0,0.0,0.0,0.0,1.0
567,78.9,20,2,30,1,"4,4",MCI,0.0,0.0,1.0,1.0,0.0,0.0,1.0,0.0,0.0,0.0,1.0
568,86.3,11,1,24,1,"3,4",MCI,0.0,0.0,1.0,0.0,1.0,0.0,1.0,0.0,0.0,0.0,1.0
569,68.3,16,2,24,1,"4,4",MCI,0.0,0.0,1.0,1.0,0.0,0.0,1.0,0.0,0.0,0.0,1.0
570,70.7,14,1,30,0,"3,4",CN,0.0,1.0,0.0,1.0,0.0,1.0,0.0,0.0,0.0,0.0,1.0
571,77.6,16,2,25,1,"4,4",AD,1.0,0.0,0.0,1.0,0.0,0.0,1.0,0.0,0.0,0.0,1.0
572,77.0,12,0,26,1,"3,3",MCI,0.0,0.0,1.0,1.0,0.0,0.0,1.0,0.0,0.0,0.0,1.0
573,59.9,16,1,25,1,"3,4",AD,1.0,0.0,0.0,0.0,1.0,0.0,1.0,0.0,0.0,0.0,1.0
574,85.9,16,1,29,1,"3,4",MCI,0.0,0.0,1.0,0.0,1.0,0.0,1.0,0.0,0.0,0.0,1.0
575,80.0,18,1,26,1,"2,4",AD,1.0,0.0,0.0,1.0,0.0,0.0,1.0,0.0,0.0,0.0,1.0
576,59.9,20,0,30,1,"3,3",CN,0.0,1.0,0.0,0.0,1.0,0.0,1.0,0.0,0.0,0.0,1.0
577,79.3,8,1,25,1,"3,4",AD,1.0,0.0,0.0,1.0,0.0,0.0,1.0,0.0,0.0,0.0,1.0
578,76.2,16,0,26,1,"3,3",MCI,0.0,0.0,1.0,0.0,1.0,0.0,1.0,0.0,0.0,0.0,1.0
579,77.1,16,2,25,0,"4,4",MCI,0.0,0.0,1.0,0.0,1.0,0.0,1.0,0.0,0.0,0.0,1.0
580,76.9,12,2,25,0,"4,4",AD,1.0,0.0,0.0,0.0,1.0,0.0,1.0,0.0,0.0,0.0,1.0
581,71.8,14,0,26,1,"3,3",MCI,0.0,0.0,1.0,0.0,1.0,0.0,1.0,0.0,0.0,0.0,1.0
582,73.4,12,0,28,1,"3,3",MCI,0.0,0.0,1.0,1.0,0.0,0.0,1.0,0.0,0.0,0.0,1.0
583,72.1,18,1,30,1,"3,4",CN,0.0,1.0,0.0,1.0,0.0,0.0,1.0,0.0,0.0,0.0,1.0
584,75.3,13,1,24,1,"3,4",AD,1.0,0.0,0.0,1.0,0.0,0.0,1.0,0.0,0.0,0.0,1.0
585,79.7,14,1,23,1,"3,4",AD,1.0,0.0,0.0,0.0,1.0,0.0,1.0,0.0,0.0,0.0,1.0
586,69.1,16,2,27,1,"4,4",MCI,0.0,0.0,1.0,1.0,0.0,0.0,1.0,0.0,0.0,0.0,1.0
587,69.1,12,2,29,1,"4,4",MCI,0.0,0.0,1.0,0.0,1.0,0.0,1.0,0.0,0.0,0.0,1.0
588,83.3,14,0,25,0,"3,3",MCI,0.0,0.0,1.0,1.0,0.0,0.0,1.0,0.0,0.0,0.0,1.0
589,82.9,18,0,29,1,"3,3",MCI,0.0,0.0,1.0,1.0,0.0,0.0,1.0,0.0,0.0,0.0,1.0
590,83.2,20,0,28,1,"3,3",MCI,0.0,0.0,1.0,0.0,1.0,0.0,1.0,0.0,0.0,0.0,1.0
591,71.7,12,2,28,0,"4,4",MCI,0.0,0.0,1.0,1.0,0.0,0.0,0.0,1.0,0.0,0.0,1.0
592,66.3,18,1,28,1,"3,4",MCI,0.0,0.0,1.0,0.0,1.0,0.0,1.0,0.0,0.0,0.0,1.0
593,76.5,11,0,26,0,"3,3",MCI,0.0,0.0,1.0,1.0,0.0,0.0,1.0,0.0,0.0,0.0,1.0
594,71.4,16,0,25,1,"3,3",AD,1.0,0.0,0.0,0.0,1.0,0.0,1.0,0.0,0.0,0.0,1.0
595,79.5,13,0,25,1,"3,3",AD,1.0,0.0,0.0,1.0,0.0,0.0,1.0,0.0,0.0,0.0,1.0
596,71.6,12,1,24,1,"3,4",AD,1.0,0.0,0.0,1.0,0.0,0.0,1.0,0.0,0.0,0.0,1.0
597,64.7,13,1,26,0,"3,4",MCI,0.0,0.0,1.0,0.0,1.0,0.0,1.0,0.0,0.0,1.0,0.0
598,72.6,12,1,29,0,"3,4",MCI,0.0,0.0,1.0,0.0,1.0,0.0,1.0,0.0,0.0,0.0,1.0
599,71.8,12,2,30,1,"4,4",MCI,0.0,0.0,1.0,1.0,0.0,0.0,1.0,0.0,0.0,0.0,1.0
600,85.9,16,0,30,1,"3,3",MCI,0.0,0.0,1.0,0.0,1.0,0.0,1.0,0.0,0.0,0.0,1.0
601,75.2,18,0,20,1,"3,3",AD,1.0,0.0,0.0,1.0,0.0,0.0,1.0,0.0,0.0,0.0,1.0
602,84.2,10,1,26,1,"3,4",AD,1.0,0.0,0.0,0.0,1.0,0.0,1.0,0.0,0.0,0.0,1.0
603,75.4,20,1,21,1,"3,4",AD,1.0,0.0,0.0,0.0,1.0,0.0,1.0,0.0,0.0,0.0,1.0
604,82.6,16,2,23,1,"4,4",AD,1.0,0.0,0.0,0.0,1.0,0.0,1.0,0.0,0.0,0.0,1.0
605,87.7,8,0,24,1,"3,3",AD,1.0,0.0,0.0,0.0,1.0,0.0,1.0,0.0,0.0,0.0,1.0
606,64.3,16,0,21,0,"3,3",AD,1.0,0.0,0.0,0.0,1.0,0.0,1.0,0.0,0.0,0.0,1.0
607,72.0,16,2,25,1,"4,4",MCI,0.0,0.0,1.0,0.0,1.0,0.0,1.0,0.0,0.0,0.0,1.0
608,69.5,12,2,26,0,"4,4",AD,1.0,0.0,0.0,1.0,0.0,0.0,1.0,0.0,0.0,1.0,0.0
609,85.6,20,1,27,1,"3,4",MCI,0.0,0.0,1.0,0.0,1.0,0.0,1.0,0.0,0.0,0.0,1.0
610,76.1,18,1,29,1,"2,4",MCI,0.0,0.0,1.0,0.0,1.0,0.0,1.0,0.0,0.0,0.0,1.0
611,82.5,18,0,27,1,"3,3",MCI,0.0,0.0,1.0,0.0,1.0,0.0,1.0,0.0,0.0,0.0,1.0
612,77.1,18,1,27,1,"3,4",MCI,0.0,0.0,1.0,0.0,1.0,0.0,1.0,0.0,0.0,0.0,1.0
613,55.1,18,0,24,0,"3,3",AD,1.0,0.0,0.0,1.0,0.0,0.0,1.0,0.0,0.0,0.0,1.0
614,77.6,16,1,24,0,"3,4",MCI,0.0,0.0,1.0,1.0,0.0,0.0,1.0,0.0,0.0,0.0,1.0
615,69.3,20,0,23,0,"3,3",AD,1.0,0.0,0.0,0.0,1.0,0.0,1.0,0.0,0.0,0.0,1.0
616,74.6,16,1,24,0,"3,4",MCI,0.0,0.0,1.0,1.0,0.0,0.0,1.0,0.0,0.0,1.0,0.0
617,71.4,16,0,26,1,"3,3",MCI,0.0,0.0,1.0,0.0,1.0,0.0,1.0,0.0,0.0,0.0,1.0
618,59.4,16,1,30,0,"3,4",MCI,0.0,0.0,1.0,0.0,1.0,0.0,1.0,0.0,0.0,0.0,1.0
619,74.3,18,1,27,1,"3,4",MCI,0.0,0.0,1.0,0.0,1.0,0.0,1.0,0.0,0.0,0.0,1.0
620,63.1,12,0,25,0,"3,3",MCI,0.0,0.0,1.0,0.0,1.0,0.0,1.0,0.0,0.0,0.0,1.0
621,81.5,12,0,29,1,"3,3",MCI,0.0,0.0,1.0,0.0,1.0,0.0,1.0,0.0,0.0,0.0,1.0
622,77.9,17,1,28,0,"3,4",MCI,0.0,0.0,1.0,0.0,1.0,0.0,1.0,0.0,0.0,0.0,1.0
623,74.4,12,1,29,1,"3,4",MCI,0.0,0.0,1.0,1.0,0.0,0.0,1.0,0.0,0.0,0.0,1.0
624,69.4,19,1,29,1,"3,4",MCI,0.0,0.0,1.0,0.0,1.0,0.0,1.0,0.0,0.0,0.0,1.0
625,75.6,16,0,28,1,"3,3",MCI,0.0,0.0,1.0,1.0,0.0,0.0,1.0,0.0,0.0,0.0,1.0
626,83.4,18,0,26,1,"3,3",MCI,0.0,0.0,1.0,0.0,1.0,0.0,1.0,0.0,0.0,0.0,1.0
627,69.6,12,0,27,0,"3,3",MCI,0.0,0.0,1.0,1.0,0.0,0.0,1.0,0.0,0.0,0.0,1.0
